Run/Bounds,F_min,τ_r0,τ_nr0,τ_d,τ_0,τ_1,τ_l,N_l,N_D,r,C,η_01,η_02,η_03,η_04,η_05,Seed
Run 1,-2.930082900630513e8,168.54431100903793,386.0403589688437,61.25644850421827,19.85178725599609,808.4718534038052,250.2352761987122,75.30070716854513,121.44799929958647,23.17456279191495,1090.7239179812898,3.677093515212583e-5,0.00036662557081025966,0.003664446382403088,0.036753221351079224,0.37301090899891737,7.768770725713117e18
LB,x,1.0,1.0,1.0,1.0,1.0,1.0,1.0,1.0,1.0,1.0,1.0e-6,1.0e-6,1.0e-6,1.0e-6,1.0e-6,x
UP,x,5000.0,5000.0,1000.0,1000.0,1.0e9,1000.0,10000.0,10000.0,1000.0,1.0e6,1.0,1.0,1.0,1.0,1.0,x
