Run/Bounds,F_min,τ_r0,τ_nr0,τ_2t,τ_1t,τ_1e,τ_1d,α,β,r,C,η_01,η_02,η_03,η_04,η_05,η_06,Seed
Run 1,-3.0878369607928114e9,174.21278735935275,179.19627817064048,82.15933179344736,16.819046769984524,509.90348357173843,43.06158317819472,119.83937641010658,62.99827690152983,12.471722067266539,3818.327854095999,9.158578224970825e-6,9.163906990992843e-5,0.0009165012874830782,0.009147940897584904,0.09027162397891762,0.8466024553502486,7.872546581822647e18
LB,x,1.0,1.0,1.0,1.0,1.0,1.0,1.0,1.0,1.0,1.0,1.0e-6,1.0e-6,1.0e-6,1.0e-6,1.0e-6,1.0e-6,x
UP,x,5000.0,5000.0,1000.0,1000.0,1.0e9,1000.0,10000.0,10000.0,1000.0,1.0e6,1.0,1.0,1.0,1.0,1.0,1.0,x
