Run/Bounds,F_min,τ_r0,τ_nr0,τ_d,τ_0,τ_1,τ_l,N_l,N_D,r,C,η_01,η_02,η_03,η_04,η_05,Seed
Run 1,-3.5712823807965577e8,236.27364993298357,112.51117208762284,7.322969124196147,168.2152473758906,9.99999964131154e8,999.9999999995035,38.953560548862775,254.67009449981856,999.999999999799,11027.877230828919,9.659562504242054e-5,0.0009609917747172227,0.010913305114822044,0.09644586489752227,0.7666701878089763,1.7903062158420654e18
LB,x,1.0,1.0,1.0,1.0,1.0,1.0,1.0,1.0,1.0,1.0,1.0e-6,1.0e-6,1.0e-6,1.0e-6,1.0e-6,x
UP,x,5000.0,5000.0,1000.0,1000.0,1.0e9,1000.0,10000.0,10000.0,1000.0,1.0e6,1.0,1.0,1.0,1.0,1.0,x
