Run/Bounds,F_min,τ_r0,τ_nr0,τ_2t,τ_1t,τ_1e,τ_1d,α,β,r,C,η_01,η_02,η_03,η_04,η_05,Seed
Run 1,-4.464142453137636e8,94.50070858058605,365.1645324903936,24.935928875619943,10.298404428452466,645.4659920568199,156.71912513600412,155.18537854796548,252.22643374584004,927.5291138564791,250.54227338162795,3.615230232778091e-5,0.0003590100926743699,0.0035910712835966934,0.463075752258822,0.4633151491549436,1.963347103817732e18
LB,x,1.0,1.0,1.0,1.0,1.0,1.0,1.0,1.0,1.0,1.0,1.0e-6,1.0e-6,1.0e-6,1.0e-6,1.0e-6,x
UP,x,5000.0,5000.0,1000.0,1000.0,1.0e9,1000.0,10000.0,10000.0,1000.0,1.0e6,1.0,1.0,1.0,1.0,1.0,x
