Run/Bounds,F_min,τ_r0,τ_nr0,τ_d,τ_0,τ_1,τ_l,N_l,N_D,r,C,η_01,η_02,η_03,η_04,η_05,Seed
Run 1,-3.5714675918063575e8,262.0303465303855,399.28525832934866,192.86487398282807,6.967295647697521,179543.3240416456,999.9999999999221,259.04319677828477,55.47861183176661,21.71322192867806,10480.01385407448,0.00010150147856378484,0.0010038994311401782,0.011252442720933007,0.09947633365027969,0.7720005655819768,8.0869200604506e18
LB,x,1.0,1.0,1.0,1.0,1.0,1.0,1.0,1.0,1.0,1.0,1.0e-6,1.0e-6,1.0e-6,1.0e-6,1.0e-6,x
UP,x,5000.0,5000.0,1000.0,1000.0,1.0e9,1000.0,10000.0,10000.0,1000.0,1.0e6,1.0,1.0,1.0,1.0,1.0,x
