Run/Bounds,F_min,τ_r0,τ_nr0,τ_2t,τ_1t,τ_1e,τ_1d,α,β,r,C,η_01,η_02,η_03,η_04,η_05,Seed
Run 1,-2.9300828935169864e8,184.41995038281544,315.6995098104757,60.15060103225457,19.984287068441333,802.500511164871,250.89093417495374,63.26309469373118,98.50387542293946,16.452467175321516,896.3966641995664,4.47598254963829e-5,0.0004462162341922646,0.004455771550684073,0.044460629375195994,0.43605435573412515,1.3818769023723604e18
LB,x,1.0,1.0,1.0,1.0,1.0,1.0,1.0,1.0,1.0,1.0,1.0e-6,1.0e-6,1.0e-6,1.0e-6,1.0e-6,x
UP,x,5000.0,5000.0,1000.0,1000.0,1.0e9,1000.0,10000.0,10000.0,1000.0,1.0e6,1.0,1.0,1.0,1.0,1.0,x
