Run/Bounds,F_min,τ_r0,τ_nr0,τ_d,τ_0,τ_1,τ_l,N_l,N_D,r,C,η_01,η_02,η_03,η_04,η_05,η_06,Seed
Run 1,-3.0878326183942223e9,111.51883673227944,4999.999960745707,88.70669914569822,16.139897334716213,519.7983623621354,42.166445646932765,273.78147381459405,153.33075252346555,999.9999991445312,10341.66544194868,3.3566484702757817e-6,3.3595275192645926e-5,0.0003366309065927643,0.0034189004130700243,0.03498928668883728,0.40442980381808996,3.648057034348341e18
LB,x,1.0,1.0,1.0,1.0,1.0,1.0,1.0,1.0,1.0,1.0,1.0e-6,1.0e-6,1.0e-6,1.0e-6,1.0e-6,1.0e-6,x
UP,x,5000.0,5000.0,1000.0,1000.0,1.0e9,1000.0,10000.0,10000.0,1000.0,1.0e6,1.0,1.0,1.0,1.0,1.0,1.0,x
