Run/Bounds,F_min,τ_r0,τ_nr0,τ_d,τ_0,τ_1,τ_l,N_l,N_D,r,C,η_01,η_02,η_03,η_04,η_05,Seed
Run 1,-4.464142453137636e8,94.50073783227141,365.163479327102,24.935826206574752,10.298419848716353,645.4647467847726,156.7189895579506,155.18517896783692,252.22875826110763,927.5195830083591,250.54195791404226,3.615234331251136e-5,0.0003590105832023421,0.003591074534465919,0.4630761840650967,0.46331555769280236,2.82422818686663e18
LB,x,1.0,1.0,1.0,1.0,1.0,1.0,1.0,1.0,1.0,1.0,1.0e-6,1.0e-6,1.0e-6,1.0e-6,1.0e-6,x
UP,x,5000.0,5000.0,1000.0,1000.0,1.0e9,1000.0,10000.0,10000.0,1000.0,1.0e6,1.0,1.0,1.0,1.0,1.0,x
