Run/Bounds,F_min,τ_r0,τ_nr0,τ_2t,τ_1t,τ_1e,τ_1d,α,β,r,C,η_01,η_02,η_03,η_04,η_05,Seed
Run 1,-2.9300828708274937e8,165.03965133519839,428.40030884208534,62.994261618696136,19.633043492901354,817.8411657227765,249.44521349654647,77.63654659519892,131.5617559994275,24.246081133328552,1151.515134517396,3.482070114609601e-5,0.0003471925284778299,0.00347198892748257,0.034893189202499356,0.35704015780466253,4.2735574914747515e18
LB,x,1.0,1.0,1.0,1.0,1.0,1.0,1.0,1.0,1.0,1.0,1.0e-6,1.0e-6,1.0e-6,1.0e-6,1.0e-6,x
UP,x,5000.0,5000.0,1000.0,1000.0,1.0e9,1000.0,10000.0,10000.0,1000.0,1.0e6,1.0,1.0,1.0,1.0,1.0,x
