Run/Bounds,F_min,τ_r0,τ_nr0,τ_2t,τ_1t,τ_1e,τ_1d,α,β,r,C,η_01,η_02,η_03,η_04,η_05,η_06,Seed
Run 1,-3.087832618394223e9,111.51887369545379,4999.999964810502,88.70681294657135,16.139902073319718,519.7998163542329,42.166489347700555,273.7806514624181,153.33076156121527,999.9999972871211,10341.654303891059,3.3566521438157157e-6,3.35953152311651e-5,0.0003366311323917899,0.003418904131199964,0.034989325108863885,0.4044301421860421,3.459161929017708e18
LB,x,1.0,1.0,1.0,1.0,1.0,1.0,1.0,1.0,1.0,1.0,1.0e-6,1.0e-6,1.0e-6,1.0e-6,1.0e-6,1.0e-6,x
UP,x,5000.0,5000.0,1000.0,1000.0,1.0e9,1000.0,10000.0,10000.0,1000.0,1.0e6,1.0,1.0,1.0,1.0,1.0,1.0,x
