Run/Bounds,F_min,τ_r0,τ_nr0,τ_2t,τ_1t,τ_1e,τ_1d,α,β,r,C,η_01,η_02,η_03,η_04,η_05,Seed
Run 1,-1.7954806856762044e9,98.10962504943049,76.29308834506378,15.413962665890592,4.956507193060399,1328.353008141483,86.15784547648333,101.20499114795885,110.96532923675285,5.060842702547698,1285.6173153917755,4.85947444689663e-5,0.0004861792624138635,0.00485887075518806,0.48932866256373975,0.48947363142711564,6.376274882206034e18
LB,x,1.0,1.0,1.0,1.0,1.0,1.0,1.0,1.0,1.0,1.0,1.0e-6,1.0e-6,1.0e-6,1.0e-6,1.0e-6,x
UP,x,5000.0,5000.0,1000.0,1000.0,1.0e9,1000.0,10000.0,10000.0,1000.0,1.0e6,1.0,1.0,1.0,1.0,1.0,x
