Run/Bounds,F_min,τ_r0,τ_nr0,τ_2t,τ_1t,τ_1e,τ_1d,α,β,r,C,η_01,η_02,η_03,η_04,η_05,Seed
Run 1,-1.7954806855341375e9,93.75377779338905,79.15896138528593,15.462856683889255,4.9527139343034365,1328.5949130910597,86.14512752738985,107.73289796013466,115.12383676015854,5.303716177642997,1368.735460881457,4.5635088867404706e-5,0.0004565841191951789,0.00456519343053985,0.46653879585412356,0.4666784810761101,6.953753685021442e18
LB,x,1.0,1.0,1.0,1.0,1.0,1.0,1.0,1.0,1.0,1.0,1.0e-6,1.0e-6,1.0e-6,1.0e-6,1.0e-6,x
UP,x,5000.0,5000.0,1000.0,1000.0,1.0e9,1000.0,10000.0,10000.0,1000.0,1.0e6,1.0,1.0,1.0,1.0,1.0,x
