Run/Bounds,F_min,τ_r0,τ_nr0,τ_2t,τ_1t,τ_1e,τ_1d,α,β,r,C,η_01,η_02,η_03,η_04,η_05,Seed
Run 1,-4.464145059231394e8,242.5857702859835,176.48569645569506,26.95776874534133,9.748969545957975,700.2615978561037,153.5795792398794,52.34217343062545,158.28326586278192,1.0000000018326418,104.935647992431,8.589666744401205e-5,0.0008549648586078279,0.008591546187106808,0.8704618955191751,0.8708395470765116,2.8934338518590976e18
LB,x,1.0,1.0,1.0,1.0,1.0,1.0,1.0,1.0,1.0,1.0,1.0e-6,1.0e-6,1.0e-6,1.0e-6,1.0e-6,x
UP,x,5000.0,5000.0,1000.0,1000.0,1.0e9,1000.0,10000.0,10000.0,1000.0,1.0e6,1.0,1.0,1.0,1.0,1.0,x
