Run/Bounds,F_min,τ_r0,τ_nr0,τ_2t,τ_1t,τ_1e,τ_1d,α,β,r,C,η_01,η_02,η_03,η_04,η_05,Seed
Run 1,-1.7954806535863492e9,52.85748359435412,207.8284716711177,15.693768920696519,4.946833512006856,1318.2222841177943,86.03489933444328,307.50344463616653,208.74177222674373,28.51308161217667,3796.6024220147515,1.6429879206721917e-5,0.00016445388127532881,0.001650041479591345,0.2038605859463572,0.20392818134740634,8.416117091060314e18
LB,x,1.0,1.0,1.0,1.0,1.0,1.0,1.0,1.0,1.0,1.0,1.0e-6,1.0e-6,1.0e-6,1.0e-6,1.0e-6,x
UP,x,5000.0,5000.0,1000.0,1000.0,1.0e9,1000.0,10000.0,10000.0,1000.0,1.0e6,1.0,1.0,1.0,1.0,1.0,x
