Run/Bounds,F_min,τ_r0,τ_nr0,τ_2t,τ_1t,τ_1e,τ_1d,α,β,r,C,η_01,η_02,η_03,η_04,η_05,Seed
Run 1,-1.7954806804882634e9,117.183601140412,67.70194525108784,15.20710437821431,4.973634566171202,1328.3087844545653,86.24577994238193,79.8096385627675,97.05761676587599,4.355478362313725,1014.0926438125259,6.164973419553409e-5,0.0006167173560226628,0.006151297041239573,0.5842796873927502,0.5844558762777665,3.9492870288778204e18
LB,x,1.0,1.0,1.0,1.0,1.0,1.0,1.0,1.0,1.0,1.0,1.0e-6,1.0e-6,1.0e-6,1.0e-6,1.0e-6,x
UP,x,5000.0,5000.0,1000.0,1000.0,1.0e9,1000.0,10000.0,10000.0,1000.0,1.0e6,1.0,1.0,1.0,1.0,1.0,x
