Run/Bounds,F_min,τ_r0,τ_nr0,τ_d,τ_0,τ_1,τ_l,N_l,N_D,r,C,η_01,η_02,η_03,η_04,η_05,Seed
Run 1,-3.571282380796553e8,236.2738206982075,112.51098560271376,7.322978686182438,168.21519787930464,9.999999800760033e8,999.9999999999038,38.95337124256953,254.66939055482277,999.9999999995634,11027.841123447304,9.659576604602024e-5,0.0009609937199737316,0.010913336696193765,0.09644617166115294,0.7666721956137047,7.387700950343152e18
LB,x,1.0,1.0,1.0,1.0,1.0,1.0,1.0,1.0,1.0,1.0,1.0e-6,1.0e-6,1.0e-6,1.0e-6,1.0e-6,x
UP,x,5000.0,5000.0,1000.0,1000.0,1.0e9,1000.0,10000.0,10000.0,1000.0,1.0e6,1.0,1.0,1.0,1.0,1.0,x
