Run/Bounds,F_min,τ_r0,τ_nr0,τ_d,τ_0,τ_1,τ_l,N_l,N_D,r,C,η_01,η_02,η_03,η_04,η_05,η_06,Seed
Run 1,-2.5881867074439727e7,24.936764577530322,10.012073998558362,2.0085836813440525,2.998083955777019,29.29302628600593,50.19700528950493,20.059714145074224,206.3788949243454,1.100716001467633,100.07973124123262,5.162620377192154e-6,8.237982307056889e-5,0.002986308150935212,0.04981100239869693,0.39962349731766045,1.9987204089442574,9.364528310125247e17
LB,x,1.0,1.0,1.0,1.0,1.0,1.0,1.0,1.0,1.0,1.0,1.0e-6,1.0e-6,1.0e-6,1.0e-6,1.0e-6,1.0e-6,x
UP,x,5000.0,5000.0,1000.0,1000.0,1.0e9,1000.0,10000.0,10000.0,1000.0,1.0e6,5.0,5.0,5.0,5.0,5.0,5.0,x
