Run/Bounds,F_min,τ_r0,τ_nr0,τ_2t,τ_1t,τ_1e,τ_1d,α,β,r,C,η_01,η_02,η_03,η_04,η_05,Seed
Run 1,-1.795480685681421e9,97.88277114373534,76.43200387312953,15.415323907489867,4.9564482421981655,1328.4246943744747,86.15927351383485,101.51423325261393,111.1997437266312,5.072463401997289,1289.6294804016288,4.844334311857911e-5,0.00048466372948644513,0.004843809619960444,0.4881724760855463,0.4883178919609612,6.132070422523501e18
LB,x,1.0,1.0,1.0,1.0,1.0,1.0,1.0,1.0,1.0,1.0,1.0e-6,1.0e-6,1.0e-6,1.0e-6,1.0e-6,x
UP,x,5000.0,5000.0,1000.0,1000.0,1.0e9,1000.0,10000.0,10000.0,1000.0,1.0e6,1.0,1.0,1.0,1.0,1.0,x
