Run/Bounds,F_min,τ_r0,τ_nr0,τ_2t,τ_1t,τ_1e,τ_1d,α,β,r,C,η_01,η_02,η_03,η_04,η_05,Seed
Run 1,-2.9300829036636096e8,182.02712904348846,330.1122534252534,61.03935973653801,19.8689071194852,807.6689613138398,250.4709541865957,64.28029692078816,102.81415062804687,16.749921172373355,922.9355756638703,4.346196688723067e-5,0.0004332976039798355,0.004328078091945929,0.04324241243715784,0.4261649020902617,8.812295506362096e18
LB,x,1.0,1.0,1.0,1.0,1.0,1.0,1.0,1.0,1.0,1.0,1.0e-6,1.0e-6,1.0e-6,1.0e-6,1.0e-6,x
UP,x,5000.0,5000.0,1000.0,1000.0,1.0e9,1000.0,10000.0,10000.0,1000.0,1.0e6,1.0,1.0,1.0,1.0,1.0,x
