Run/Bounds,F_min,τ_r0,τ_nr0,τ_d,τ_0,τ_1,τ_l,N_l,N_D,r,C,η_01,η_02,η_03,η_04,η_05,Seed
Run 1,-2.9300829104385006e8,177.88086115740225,338.0748464580979,60.39407282878317,19.95777142925596,803.7643067566005,250.7168200765218,67.71076155435654,106.36190970439131,18.74366137459988,965.5013108227431,4.155076688538564e-5,0.00041424619384788897,0.00413799970866391,0.041370168367821175,0.41121686289862336,6.251860667434664e18
LB,x,1.0,1.0,1.0,1.0,1.0,1.0,1.0,1.0,1.0,1.0,1.0e-6,1.0e-6,1.0e-6,1.0e-6,1.0e-6,x
UP,x,5000.0,5000.0,1000.0,1000.0,1.0e9,1000.0,10000.0,10000.0,1000.0,1.0e6,1.0,1.0,1.0,1.0,1.0,x
