Run/Bounds,F_min,τ_r0,τ_nr0,τ_2t,τ_1t,τ_1e,τ_1d,α,β,r,C,η_01,η_02,η_03,η_04,η_05,η_06,Seed
Run 1,-2.588186707443973e7,24.93669743802983,10.012080192368387,2.00858435367849,2.998083957615905,29.29302065601548,50.19700604293941,20.05986358725142,206.38030932619168,1.1007113811592755,100.08049880245267,5.162572031955158e-6,8.237920938806059e-5,0.0029862850689165344,0.0498106368511879,0.3996209840559655,1.9987111944962126,6.982776470636368e18
LB,x,1.0,1.0,1.0,1.0,1.0,1.0,1.0,1.0,1.0,1.0,1.0e-6,1.0e-6,1.0e-6,1.0e-6,1.0e-6,1.0e-6,x
UP,x,5000.0,5000.0,1000.0,1000.0,1.0e9,1000.0,10000.0,10000.0,1000.0,1.0e6,5.0,5.0,5.0,5.0,5.0,5.0,x
