Run/Bounds,F_min,τ_r0,τ_nr0,τ_d,τ_0,τ_1,τ_l,N_l,N_D,r,C,η_01,η_02,η_03,η_04,η_05,Seed
Run 1,-3.571282380796546e8,236.27382795258896,112.51076243784878,7.3229675922230735,168.2154809069539,9.999999968515342e8,999.9999999999926,38.95335201324673,254.66897115944877,999.9999999998605,11027.838904224023,9.659597569225196e-5,0.0009609953133374293,0.010913342587997431,0.096446189329842,0.766672321244779,7.614716375471695e18
LB,x,1.0,1.0,1.0,1.0,1.0,1.0,1.0,1.0,1.0,1.0,1.0e-6,1.0e-6,1.0e-6,1.0e-6,1.0e-6,x
UP,x,5000.0,5000.0,1000.0,1000.0,1.0e9,1000.0,10000.0,10000.0,1000.0,1.0e6,1.0,1.0,1.0,1.0,1.0,x
