Run/Bounds,F_min,τ_r0,τ_nr0,τ_d,τ_0,τ_1,τ_l,N_l,N_D,r,C,η_01,η_02,η_03,η_04,η_05,η_06,Seed
Run 1,-3.0878369689418297e9,171.44253597530965,182.24193563739965,82.13047160373215,16.820174023676838,509.6537807723153,43.06577193433039,122.91415794149252,64.58697379771942,12.929878008227272,3922.023906796081,8.91660790947338e-6,8.920517221203254e-5,0.0008923640738794854,0.008910323473799563,0.0880263455783582,0.831083490475364,4.936159281496432e18
LB,x,1.0,1.0,1.0,1.0,1.0,1.0,1.0,1.0,1.0,1.0,1.0e-6,1.0e-6,1.0e-6,1.0e-6,1.0e-6,1.0e-6,x
UP,x,5000.0,5000.0,1000.0,1000.0,1.0e9,1000.0,10000.0,10000.0,1000.0,1.0e6,1.0,1.0,1.0,1.0,1.0,1.0,x
