Run/Bounds,F_min,τ_r0,τ_nr0,τ_d,τ_0,τ_1,τ_l,N_l,N_D,r,C,η_01,η_02,η_03,η_04,η_05,η_06,Seed
Run 1,-2.5881867074439727e7,24.93678304852171,10.012061570849001,2.008584769658243,2.998083815642001,29.293017719938796,50.19701003074035,20.060028539408094,206.3822397476513,1.1007003003547997,100.08138299937794,5.162544489854349e-6,8.237851835390215e-5,0.0029862583237966417,0.04981021089128688,0.39961814930343653,1.998700238931448,6.798602608004714e18
LB,x,1.0,1.0,1.0,1.0,1.0,1.0,1.0,1.0,1.0,1.0,1.0e-6,1.0e-6,1.0e-6,1.0e-6,1.0e-6,1.0e-6,x
UP,x,5000.0,5000.0,1000.0,1000.0,1.0e9,1000.0,10000.0,10000.0,1000.0,1.0e6,5.0,5.0,5.0,5.0,5.0,5.0,x
