Run/Bounds,F_min,τ_r0,τ_nr0,τ_d,τ_0,τ_1,τ_l,N_l,N_D,r,C,η_01,η_02,η_03,η_04,η_05,Seed
Run 1,-4.4641450592313945e8,242.58698817431053,176.48512542559882,26.957740430152462,9.748975278834804,700.2601575446344,153.57931161924643,52.34207175382138,158.282086266921,1.0000000020184334,104.93526060663233,8.589681505482804e-5,0.0008549678229307317,0.00859157951500817,0.8704640515893443,0.8708417213305851,2.693997625337915e18
LB,x,1.0,1.0,1.0,1.0,1.0,1.0,1.0,1.0,1.0,1.0,1.0e-6,1.0e-6,1.0e-6,1.0e-6,1.0e-6,x
UP,x,5000.0,5000.0,1000.0,1000.0,1.0e9,1000.0,10000.0,10000.0,1000.0,1.0e6,1.0,1.0,1.0,1.0,1.0,x
