Run/Bounds,F_min,τ_r0,τ_nr0,τ_2t,τ_1t,τ_1e,τ_1d,α,β,r,C,η_01,η_02,η_03,η_04,η_05,η_06,Seed
Run 1,-3.087836989124792e9,163.56032713115775,188.52826528335464,81.56382000284985,16.872964887340046,507.9985205639626,43.07209124564847,134.3335440951903,69.59502613279376,14.73161404366786,4263.373620672447,8.20128340709863e-6,8.206509607241827e-5,0.0008208931424213317,0.008199816114309585,0.08138409367556465,0.7838827674361561,2.2644162398993398e18
LB,x,1.0,1.0,1.0,1.0,1.0,1.0,1.0,1.0,1.0,1.0,1.0e-6,1.0e-6,1.0e-6,1.0e-6,1.0e-6,1.0e-6,x
UP,x,5000.0,5000.0,1000.0,1000.0,1.0e9,1000.0,10000.0,10000.0,1000.0,1.0e6,1.0,1.0,1.0,1.0,1.0,1.0,x
