Run/Bounds,F_min,τ_r0,τ_nr0,τ_d,τ_0,τ_1,τ_l,N_l,N_D,r,C,η_01,η_02,η_03,η_04,η_05,η_06,Seed
Run 1,-2.588186707443974e7,24.936849793768083,10.012054559375054,2.0085831318179883,2.998083373077111,29.293024304848224,50.197005148242894,20.05996672731028,206.3816368369416,1.1007005725060068,100.08104058399456,5.162553671188578e-6,8.237880131535876e-5,0.0029862695255222687,0.049810373298501374,0.3996192546572249,1.9987043096243526,7.257620272621168e18
LB,x,1.0,1.0,1.0,1.0,1.0,1.0,1.0,1.0,1.0,1.0,1.0e-6,1.0e-6,1.0e-6,1.0e-6,1.0e-6,1.0e-6,x
UP,x,5000.0,5000.0,1000.0,1000.0,1.0e9,1000.0,10000.0,10000.0,1000.0,1.0e6,5.0,5.0,5.0,5.0,5.0,5.0,x
