Run/Bounds,F_min,τ_r0,τ_nr0,τ_d,τ_0,τ_1,τ_l,N_l,N_D,r,C,η_01,η_02,η_03,η_04,η_05,Seed
Run 1,-3.571467591991173e8,261.6710237800111,400.1322175640471,192.85991926273775,6.967126320757451,179494.35458627398,999.9999999999062,259.82457269060603,55.62088828726817,21.822176701748056,10511.007989863389,0.00010120446993441625,0.0010009533700052974,0.01121918948853982,0.09920569598524616,0.770378486182444,2.48526583391307e18
LB,x,1.0,1.0,1.0,1.0,1.0,1.0,1.0,1.0,1.0,1.0,1.0e-6,1.0e-6,1.0e-6,1.0e-6,1.0e-6,x
UP,x,5000.0,5000.0,1000.0,1000.0,1.0e9,1000.0,10000.0,10000.0,1000.0,1.0e6,1.0,1.0,1.0,1.0,1.0,x
