Run/Bounds,F_min,τ_r0,τ_nr0,τ_d,τ_0,τ_1,τ_l,N_l,N_D,r,C,η_01,η_02,η_03,η_04,η_05,Seed
Run 1,-1.7954806846847882e9,105.52174858391548,72.28727798414829,15.313435835235417,4.964749415626889,1327.519993065002,86.15249226536164,91.73943340708095,105.00446133340043,4.7392764356471,1163.6398154660812,5.371095143177848e-5,0.0005373050049534944,0.00536445654990791,0.5274843730420575,0.5276356836671534,3.41310415583691e17
LB,x,1.0,1.0,1.0,1.0,1.0,1.0,1.0,1.0,1.0,1.0,1.0e-6,1.0e-6,1.0e-6,1.0e-6,1.0e-6,x
UP,x,5000.0,5000.0,1000.0,1000.0,1.0e9,1000.0,10000.0,10000.0,1000.0,1.0e6,1.0,1.0,1.0,1.0,1.0,x
