Run/Bounds,F_min,τ_r0,τ_nr0,τ_d,τ_0,τ_1,τ_l,N_l,N_D,r,C,η_01,η_02,η_03,η_04,η_05,Seed
Run 1,-2.930082885782572e8,184.49415839963024,309.74274986781637,59.47659097955052,20.0773294992835,798.4998565858587,251.2298754919744,63.66123656480211,97.14410844992294,16.834504086376448,893.3830493528422,4.491714668683903e-5,0.00044779072052244444,0.0044709027888153105,0.044587147517026374,0.4371996268016089,5.612266910532807e18
LB,x,1.0,1.0,1.0,1.0,1.0,1.0,1.0,1.0,1.0,1.0,1.0e-6,1.0e-6,1.0e-6,1.0e-6,1.0e-6,x
UP,x,5000.0,5000.0,1000.0,1000.0,1.0e9,1000.0,10000.0,10000.0,1000.0,1.0e6,1.0,1.0,1.0,1.0,1.0,x
