Run/Bounds,F_min,τ_r0,τ_nr0,τ_2t,τ_1t,τ_1e,τ_1d,α,β,r,C,η_01,η_02,η_03,η_04,η_05,η_06,Seed
Run 1,-3.087832618404209e9,111.51580631119022,4999.999997347639,88.70841810223052,16.13943665251645,519.754473335705,42.16540030947965,273.83583307006415,153.33886897646371,999.9999992858995,10342.69561861332,3.356379583378902e-6,3.35936581631994e-5,0.0003366026566387687,0.003418547088223016,0.034985644014352835,0.40439739525309176,2.8678527141229604e18
LB,x,1.0,1.0,1.0,1.0,1.0,1.0,1.0,1.0,1.0,1.0,1.0e-6,1.0e-6,1.0e-6,1.0e-6,1.0e-6,1.0e-6,x
UP,x,5000.0,5000.0,1000.0,1000.0,1.0e9,1000.0,10000.0,10000.0,1000.0,1.0e6,1.0,1.0,1.0,1.0,1.0,1.0,x
