Run/Bounds,F_min,τ_r0,τ_nr0,τ_d,τ_0,τ_1,τ_l,N_l,N_D,r,C,η_01,η_02,η_03,η_04,η_05,Seed
Run 1,-3.571282380796554e8,236.27357552207167,112.5111408037239,7.3229690305085136,168.21529171806156,9.999999943231969e8,999.9999999994275,38.95358639781287,254.6703045779777,999.9999999997897,11027.881107717045,9.659556203095145e-5,0.0009609914444715602,0.010913299222029533,0.0964458423364188,0.766670087067384,5.62888761904564e18
LB,x,1.0,1.0,1.0,1.0,1.0,1.0,1.0,1.0,1.0,1.0,1.0e-6,1.0e-6,1.0e-6,1.0e-6,1.0e-6,x
UP,x,5000.0,5000.0,1000.0,1000.0,1.0e9,1000.0,10000.0,10000.0,1000.0,1.0e6,1.0,1.0,1.0,1.0,1.0,x
