Run/Bounds,F_min,τ_r0,τ_nr0,τ_2t,τ_1t,τ_1e,τ_1d,α,β,r,C,η_01,η_02,η_03,η_04,η_05,η_06,Seed
Run 1,-2.5881867074439734e7,24.936878189748388,10.012049487778965,2.0085840613065757,2.998082978648554,29.293026331875897,50.19700025521939,20.060030872028136,206.38227538069873,1.1006960554824166,100.08139735532576,5.162528700303925e-6,8.237848178398452e-5,0.0029862587883290053,0.049810208260753004,0.39961810312932194,1.9986999844904496,7.981210036132997e18
LB,x,1.0,1.0,1.0,1.0,1.0,1.0,1.0,1.0,1.0,1.0,1.0e-6,1.0e-6,1.0e-6,1.0e-6,1.0e-6,1.0e-6,x
UP,x,5000.0,5000.0,1000.0,1000.0,1.0e9,1000.0,10000.0,10000.0,1000.0,1.0e6,5.0,5.0,5.0,5.0,5.0,5.0,x
