Run/Bounds,F_min,τ_r0,τ_nr0,τ_d,τ_0,τ_1,τ_l,N_l,N_D,r,C,η_01,η_02,η_03,η_04,η_05,Seed
Run 1,-4.4641424531376356e8,94.5007379361076,365.17732400165204,24.9358915149324,10.298400613492245,645.466886660995,156.7189478157604,155.1847241961237,252.22857069014367,927.5196411352159,250.54198640493098,3.6152349265709516e-5,0.00035901065856364995,0.003591076113779173,0.46307616302216353,0.4633155457628841,8.926472702391501e18
LB,x,1.0,1.0,1.0,1.0,1.0,1.0,1.0,1.0,1.0,1.0,1.0e-6,1.0e-6,1.0e-6,1.0e-6,1.0e-6,x
UP,x,5000.0,5000.0,1000.0,1000.0,1.0e9,1000.0,10000.0,10000.0,1000.0,1.0e6,1.0,1.0,1.0,1.0,1.0,x
