Run/Bounds,F_min,τ_r0,τ_nr0,τ_d,τ_0,τ_1,τ_l,N_l,N_D,r,C,η_01,η_02,η_03,η_04,η_05,Seed
Run 1,-2.930082683004569e8,209.93338023036256,245.67081253829576,57.2221789073887,20.412685545898384,784.9091568212729,252.70584575428248,51.773719936799615,73.60662080037748,12.46671730421583,696.0144288897346,5.767066755659643e-5,0.0005748471617005663,0.005730251187886991,0.05668797557056257,0.5302626388623525,1.5963686751886367e18
LB,x,1.0,1.0,1.0,1.0,1.0,1.0,1.0,1.0,1.0,1.0,1.0e-6,1.0e-6,1.0e-6,1.0e-6,1.0e-6,x
UP,x,5000.0,5000.0,1000.0,1000.0,1.0e9,1000.0,10000.0,10000.0,1000.0,1.0e6,1.0,1.0,1.0,1.0,1.0,x
