Run/Bounds,F_min,τ_r0,τ_nr0,τ_d,τ_0,τ_1,τ_l,N_l,N_D,r,C,η_01,η_02,η_03,η_04,η_05,η_06,Seed
Run 1,-3.0878326183942223e9,111.51897085202705,4999.999965845744,88.70671124640488,16.139902005935838,519.7985352000601,42.166443896293345,273.7794636737069,153.33036424757972,999.9999992994101,10341.616042408628,3.356665925201108e-6,3.3595426947132195e-5,0.0003366324193443246,0.0034189172189483447,0.03498945165939485,0.4044313710145686,2.7325044079418538e17
LB,x,1.0,1.0,1.0,1.0,1.0,1.0,1.0,1.0,1.0,1.0,1.0e-6,1.0e-6,1.0e-6,1.0e-6,1.0e-6,1.0e-6,x
UP,x,5000.0,5000.0,1000.0,1000.0,1.0e9,1000.0,10000.0,10000.0,1000.0,1.0e6,1.0,1.0,1.0,1.0,1.0,1.0,x
