Run/Bounds,F_min,τ_r0,τ_nr0,τ_d,τ_0,τ_1,τ_l,N_l,N_D,r,C,η_01,η_02,η_03,η_04,η_05,Seed
Run 1,-4.464145059231394e8,242.58447356592538,176.48598170047217,26.957850074899454,9.748962157737811,700.2626648478652,153.57953185409775,52.34276580622727,158.2845327964169,1.0000000019850246,104.93644940355823,8.589588160797594e-5,0.0008549582411416089,0.008591479440224557,0.8704572099668465,0.8708348477585975,4.126205962469401e18
LB,x,1.0,1.0,1.0,1.0,1.0,1.0,1.0,1.0,1.0,1.0,1.0e-6,1.0e-6,1.0e-6,1.0e-6,1.0e-6,x
UP,x,5000.0,5000.0,1000.0,1000.0,1.0e9,1000.0,10000.0,10000.0,1000.0,1.0e6,1.0,1.0,1.0,1.0,1.0,x
