Run/Bounds,F_min,τ_r0,τ_nr0,τ_2t,τ_1t,τ_1e,τ_1d,α,β,r,C,η_01,η_02,η_03,η_04,η_05,Seed
Run 1,-1.7954806850800655e9,103.7791712586346,73.19149348912663,15.33564447601104,4.963126639327643,1327.4043198322986,86.1481986711978,93.78675054689455,106.42346121437535,4.7991549949771235,1191.3110214993708,5.245351136686239e-5,0.000524765657647531,0.005241368207387476,0.5182782802215609,0.5184288580104975,7.939662413597955e18
LB,x,1.0,1.0,1.0,1.0,1.0,1.0,1.0,1.0,1.0,1.0,1.0e-6,1.0e-6,1.0e-6,1.0e-6,1.0e-6,x
UP,x,5000.0,5000.0,1000.0,1000.0,1.0e9,1000.0,10000.0,10000.0,1000.0,1.0e6,1.0,1.0,1.0,1.0,1.0,x
