Run/Bounds,F_min,τ_r0,τ_nr0,τ_d,τ_0,τ_1,τ_l,N_l,N_D,r,C,η_01,η_02,η_03,η_04,η_05,η_06,Seed
Run 1,-3.087832618404209e9,111.51578745329408,4999.999986446382,88.70865241737759,16.139426652183804,519.7544360207067,42.16539371260475,273.8361651083017,153.3394601538676,999.9999991230293,10342.708764601797,3.356372568057839e-6,3.359360181921097e-5,0.00033660227218326396,0.0034185424301870905,0.034985588509795426,0.40439692352816925,8.993253510588999e18
LB,x,1.0,1.0,1.0,1.0,1.0,1.0,1.0,1.0,1.0,1.0,1.0e-6,1.0e-6,1.0e-6,1.0e-6,1.0e-6,1.0e-6,x
UP,x,5000.0,5000.0,1000.0,1000.0,1.0e9,1000.0,10000.0,10000.0,1000.0,1.0e6,1.0,1.0,1.0,1.0,1.0,1.0,x
