Run/Bounds,F_min,τ_r0,τ_nr0,τ_2t,τ_1t,τ_1e,τ_1d,α,β,r,C,η_01,η_02,η_03,η_04,η_05,Seed
Run 1,-4.4641450592313945e8,242.58491511749008,176.48590922389153,26.95776122286542,9.748969541593862,700.262052090033,153.57952406972592,52.34252262202215,158.28487865589244,1.00000001244189,104.93614635935009,8.58961623959393e-5,0.0008549606894795773,0.008591505028443998,0.8704589527604539,0.870836606178508,2.1221839652497477e18
LB,x,1.0,1.0,1.0,1.0,1.0,1.0,1.0,1.0,1.0,1.0,1.0e-6,1.0e-6,1.0e-6,1.0e-6,1.0e-6,x
UP,x,5000.0,5000.0,1000.0,1000.0,1.0e9,1000.0,10000.0,10000.0,1000.0,1.0e6,1.0,1.0,1.0,1.0,1.0,x
