Run/Bounds,F_min,τ_r0,τ_nr0,τ_2t,τ_1t,τ_1e,τ_1d,α,β,r,C,η_01,η_02,η_03,η_04,η_05,η_06,Seed
Run 1,-2.588186707443973e7,24.936868744876676,10.012052116412049,2.0085842051982055,2.9980830534098453,29.293026307682368,50.19699765243906,20.059999910172856,206.38195112690343,1.1006973896307843,100.0812406198888,5.1625451188965764e-6,8.237861461327654e-5,0.0029862632195676217,0.04981028371322489,0.39961861873232374,1.998701929384865,5.6188738159771e18
LB,x,1.0,1.0,1.0,1.0,1.0,1.0,1.0,1.0,1.0,1.0,1.0e-6,1.0e-6,1.0e-6,1.0e-6,1.0e-6,1.0e-6,x
UP,x,5000.0,5000.0,1000.0,1000.0,1.0e9,1000.0,10000.0,10000.0,1000.0,1.0e6,5.0,5.0,5.0,5.0,5.0,5.0,x
