Run/Bounds,F_min,τ_r0,τ_nr0,τ_d,τ_0,τ_1,τ_l,N_l,N_D,r,C,η_01,η_02,η_03,η_04,η_05,Seed
Run 1,-4.464142453137637e8,94.50072143144274,365.16431710552314,24.935809653944006,10.298421361866216,645.4640844371378,156.71899184388806,155.18541293783773,252.22575773316208,927.5179257312634,250.54213274229122,3.615233560188136e-5,0.0003590103332477407,0.0035910736861147208,0.46307596172984783,0.4633153485547932,8.03049129593146e18
LB,x,1.0,1.0,1.0,1.0,1.0,1.0,1.0,1.0,1.0,1.0,1.0e-6,1.0e-6,1.0e-6,1.0e-6,1.0e-6,x
UP,x,5000.0,5000.0,1000.0,1000.0,1.0e9,1000.0,10000.0,10000.0,1000.0,1.0e6,1.0,1.0,1.0,1.0,1.0,x
