Run/Bounds,F_min,τ_r0,τ_nr0,τ_d,τ_0,τ_1,τ_l,N_l,N_D,r,C,η_01,η_02,η_03,η_04,η_05,Seed
Run 1,-3.571282380796554e8,236.273783884117,112.51130025980949,7.322958539198656,168.2149149245994,9.999999771783876e8,999.9999999985658,38.95334626122285,254.67000424987043,999.9999999996062,11027.851401464133,9.659591907631231e-5,0.0009609949258673585,0.010913324080527777,0.09644611013804216,0.7666715913534642,1.5873856796518223e18
LB,x,1.0,1.0,1.0,1.0,1.0,1.0,1.0,1.0,1.0,1.0,1.0e-6,1.0e-6,1.0e-6,1.0e-6,1.0e-6,x
UP,x,5000.0,5000.0,1000.0,1000.0,1.0e9,1000.0,10000.0,10000.0,1000.0,1.0e6,1.0,1.0,1.0,1.0,1.0,x
