Run/Bounds,F_min,τ_r0,τ_nr0,τ_2t,τ_1t,τ_1e,τ_1d,α,β,r,C,η_01,η_02,η_03,η_04,η_05,η_06,Seed
Run 1,-2.5881867074439738e7,24.936846688522426,10.012058724292597,2.008584432161285,2.998082803718301,29.29302992078977,50.19699513595993,20.059892382443564,206.38076832397812,1.1007035630245385,100.08068136736487,5.162584521841677e-6,8.237908926833233e-5,0.002986279657868038,0.04981055206388099,0.39962039886805745,1.9987087302951236,5.903573519113805e17
LB,x,1.0,1.0,1.0,1.0,1.0,1.0,1.0,1.0,1.0,1.0,1.0e-6,1.0e-6,1.0e-6,1.0e-6,1.0e-6,1.0e-6,x
UP,x,5000.0,5000.0,1000.0,1000.0,1.0e9,1000.0,10000.0,10000.0,1000.0,1.0e6,5.0,5.0,5.0,5.0,5.0,5.0,x
