Run/Bounds,F_min,τ_r0,τ_nr0,τ_d,τ_0,τ_1,τ_l,N_l,N_D,r,C,η_01,η_02,η_03,η_04,η_05,Seed
Run 1,-3.571467591991178e8,261.67795631208276,400.11815987382784,192.8605000732553,6.96716870677358,179503.08144264208,999.9999999998887,259.80701454650807,55.618030386371785,21.81986415751878,10510.4130916155,0.00010120961074763038,0.0010010060495003075,0.011219855600481067,0.09921092637536101,0.7704096992060981,3.1517090937755674e18
LB,x,1.0,1.0,1.0,1.0,1.0,1.0,1.0,1.0,1.0,1.0,1.0e-6,1.0e-6,1.0e-6,1.0e-6,1.0e-6,x
UP,x,5000.0,5000.0,1000.0,1000.0,1.0e9,1000.0,10000.0,10000.0,1000.0,1.0e6,1.0,1.0,1.0,1.0,1.0,x
