Run/Bounds,F_min,τ_r0,τ_nr0,τ_d,τ_0,τ_1,τ_l,N_l,N_D,r,C,η_01,η_02,η_03,η_04,η_05,Seed
Run 1,-2.9300826302342427e8,218.19714917903448,252.01013005815676,60.7050395080995,19.90501579639199,805.7002236292653,250.91164590457075,46.70275923621601,74.03658364108931,10.393798609877212,659.4162768253846,6.084182876755741e-5,0.0006064515567525547,0.0060485651851274,0.05985701066783849,0.5526617886388338,8.026770941454574e18
LB,x,1.0,1.0,1.0,1.0,1.0,1.0,1.0,1.0,1.0,1.0,1.0e-6,1.0e-6,1.0e-6,1.0e-6,1.0e-6,x
UP,x,5000.0,5000.0,1000.0,1000.0,1.0e9,1000.0,10000.0,10000.0,1000.0,1.0e6,1.0,1.0,1.0,1.0,1.0,x
