Run/Bounds,F_min,τ_r0,τ_nr0,τ_2t,τ_1t,τ_1e,τ_1d,α,β,r,C,η_01,η_02,η_03,η_04,η_05,Seed
Run 1,-4.464145059231394e8,242.58472610348744,176.48589913783704,26.957785451858516,9.748971679048156,700.2621744112316,153.57948636726684,52.342687932703505,158.28423356006124,1.0000000000030014,104.93632329971119,8.589598000947207e-5,0.0008549593333833841,0.008591490967905405,0.8704579360584564,0.8708355352563821,4.060802626221481e18
LB,x,1.0,1.0,1.0,1.0,1.0,1.0,1.0,1.0,1.0,1.0,1.0e-6,1.0e-6,1.0e-6,1.0e-6,1.0e-6,x
UP,x,5000.0,5000.0,1000.0,1000.0,1.0e9,1000.0,10000.0,10000.0,1000.0,1.0e6,1.0,1.0,1.0,1.0,1.0,x
