Run/Bounds,F_min,τ_r0,τ_nr0,τ_d,τ_0,τ_1,τ_l,N_l,N_D,r,C,η_01,η_02,η_03,η_04,η_05,Seed
Run 1,-2.930082907517946e8,180.37687123055366,337.6454995439287,61.23433434915996,19.84284058153305,808.6135302651575,250.33450556673375,65.28933362280921,104.95980255957357,17.187826204553836,940.5233223440831,4.264757719257351e-5,0.0004251725460211503,0.0042475736028615005,0.042465137109555504,0.4198814511088472,7.683986162029992e18
LB,x,1.0,1.0,1.0,1.0,1.0,1.0,1.0,1.0,1.0,1.0,1.0e-6,1.0e-6,1.0e-6,1.0e-6,1.0e-6,x
UP,x,5000.0,5000.0,1000.0,1000.0,1.0e9,1000.0,10000.0,10000.0,1000.0,1.0e6,1.0,1.0,1.0,1.0,1.0,x
