Run/Bounds,F_min,τ_r0,τ_nr0,τ_2t,τ_1t,τ_1e,τ_1d,α,β,r,C,η_01,η_02,η_03,η_04,η_05,η_06,Seed
Run 1,-3.087832618394224e9,111.51889393189794,4999.999998777099,88.70686200772393,16.139895418289314,519.7995584217855,42.16648342044701,273.78035239085784,153.33071742347747,999.9999996310339,10341.646027507635,3.356655206452898e-6,3.359533629492056e-5,0.0003366314702255788,0.0034189072246009317,0.03498935035192646,0.404430413561319,6.923521561398756e18
LB,x,1.0,1.0,1.0,1.0,1.0,1.0,1.0,1.0,1.0,1.0,1.0e-6,1.0e-6,1.0e-6,1.0e-6,1.0e-6,1.0e-6,x
UP,x,5000.0,5000.0,1000.0,1000.0,1.0e9,1000.0,10000.0,10000.0,1000.0,1.0e6,1.0,1.0,1.0,1.0,1.0,1.0,x
