Run/Bounds,F_min,τ_r0,τ_nr0,τ_2t,τ_1t,τ_1e,τ_1d,α,β,r,C,η_01,η_02,η_03,η_04,η_05,η_06,Seed
Run 1,-2.588186707443974e7,24.93673886168958,10.012074251449578,2.0085854710949222,2.998083775387249,29.293021146197376,50.19700644610388,20.059847953697957,206.37990285485165,1.100710481982739,100.08042421402007,5.1625850645973195e-6,8.23792422825808e-5,0.0029862872863505277,0.04981068044861988,0.39962124628437196,1.9987120825688216,6.298335893094181e18
LB,x,1.0,1.0,1.0,1.0,1.0,1.0,1.0,1.0,1.0,1.0,1.0e-6,1.0e-6,1.0e-6,1.0e-6,1.0e-6,1.0e-6,x
UP,x,5000.0,5000.0,1000.0,1000.0,1.0e9,1000.0,10000.0,10000.0,1000.0,1.0e6,5.0,5.0,5.0,5.0,5.0,5.0,x
