Run/Bounds,F_min,τ_r0,τ_nr0,τ_d,τ_0,τ_1,τ_l,N_l,N_D,r,C,η_01,η_02,η_03,η_04,η_05,η_06,Seed
Run 1,-2.5881867074439734e7,24.936798840709848,10.012062865788735,2.008583495927614,2.9980838791872726,29.293023087822935,50.19700724944932,20.059949131387295,206.38146039566078,1.1007034708905816,100.08093803216659,5.162557663954799e-6,8.237884933099651e-5,0.002986272235957921,0.0498104198294392,0.3996195673798097,1.99870558848392,5.797995121610335e18
LB,x,1.0,1.0,1.0,1.0,1.0,1.0,1.0,1.0,1.0,1.0,1.0e-6,1.0e-6,1.0e-6,1.0e-6,1.0e-6,1.0e-6,x
UP,x,5000.0,5000.0,1000.0,1000.0,1.0e9,1000.0,10000.0,10000.0,1000.0,1.0e6,5.0,5.0,5.0,5.0,5.0,5.0,x
