Run/Bounds,F_min,τ_r0,τ_nr0,τ_d,τ_0,τ_1,τ_l,N_l,N_D,r,C,η_01,η_02,η_03,η_04,η_05,Seed
Run 1,-1.7954806854119747e9,101.53031747534929,74.32977222210732,15.370613306003058,4.960166197659534,1327.9746258536813,86.16623948009635,96.59418148317536,107.75389562954787,4.89967619155915,1226.6205080060925,5.0938333295658866e-5,0.0005096236262889009,0.005091370822905176,0.5070419573499588,0.5071929316526633,8.402842020711177e18
LB,x,1.0,1.0,1.0,1.0,1.0,1.0,1.0,1.0,1.0,1.0,1.0e-6,1.0e-6,1.0e-6,1.0e-6,1.0e-6,x
UP,x,5000.0,5000.0,1000.0,1000.0,1.0e9,1000.0,10000.0,10000.0,1000.0,1.0e6,1.0,1.0,1.0,1.0,1.0,x
