Run/Bounds,F_min,τ_r0,τ_nr0,τ_d,τ_0,τ_1,τ_l,N_l,N_D,r,C,η_01,η_02,η_03,η_04,η_05,Seed
Run 1,-1.7954806546484206e9,53.19195702353468,203.7920750334701,15.663077565341746,4.948515447759069,1316.160001837594,85.94485821612636,301.8819928062074,207.4012165303374,27.008520302773224,3728.7090667209154,1.6733484286919825e-5,0.00016745614905698352,0.0016803282213338575,0.2070205482126212,0.2070924847300491,9.452661685324776e17
LB,x,1.0,1.0,1.0,1.0,1.0,1.0,1.0,1.0,1.0,1.0,1.0e-6,1.0e-6,1.0e-6,1.0e-6,1.0e-6,x
UP,x,5000.0,5000.0,1000.0,1000.0,1.0e9,1000.0,10000.0,10000.0,1000.0,1.0e6,1.0,1.0,1.0,1.0,1.0,x
