Run/Bounds,F_min,τ_r0,τ_nr0,τ_2t,τ_1t,τ_1e,τ_1d,α,β,r,C,η_01,η_02,η_03,η_04,η_05,Seed
Run 1,-1.795480684582622e9,88.2582035202109,83.57787570882786,15.525748839366836,4.94769644219505,1329.270244438536,86.14229424411694,117.28184109931092,121.35676285320375,5.680254448453051,1491.1484469011712,4.187857479786563e-5,0.00041904088791104273,0.004192300021665733,0.43681183111111166,0.43694727671831574,8.603530990293573e18
LB,x,1.0,1.0,1.0,1.0,1.0,1.0,1.0,1.0,1.0,1.0,1.0e-6,1.0e-6,1.0e-6,1.0e-6,1.0e-6,x
UP,x,5000.0,5000.0,1000.0,1000.0,1.0e9,1000.0,10000.0,10000.0,1000.0,1.0e6,1.0,1.0,1.0,1.0,1.0,x
