Run/Bounds,F_min,τ_r0,τ_nr0,τ_d,τ_0,τ_1,τ_l,N_l,N_D,r,C,η_01,η_02,η_03,η_04,η_05,η_06,Seed
Run 1,-2.588186707443973e7,24.936708786509932,10.012076428362109,2.0085863889870863,2.998084190059777,29.29301840387605,50.19702613859108,20.059861801516757,206.37961735454866,1.1007120885186614,100.08045711748817,5.1625847653594656e-6,8.237920363317188e-5,0.0029862861774459337,0.04981066726661932,0.39962114457419573,1.9987116749545704,1.2543227173045307e18
LB,x,1.0,1.0,1.0,1.0,1.0,1.0,1.0,1.0,1.0,1.0,1.0e-6,1.0e-6,1.0e-6,1.0e-6,1.0e-6,1.0e-6,x
UP,x,5000.0,5000.0,1000.0,1000.0,1.0e9,1000.0,10000.0,10000.0,1000.0,1.0e6,5.0,5.0,5.0,5.0,5.0,5.0,x
