Run/Bounds,F_min,τ_r0,τ_nr0,τ_d,τ_0,τ_1,τ_l,N_l,N_D,r,C,η_01,η_02,η_03,η_04,η_05,Seed
Run 1,-4.4641450592313945e8,242.5849382434795,176.48574945471825,26.957818408562634,9.748966078499524,700.2619586384317,153.57949302295972,52.342720094762484,158.28344436917035,1.0000000010588694,104.93631632481164,8.58960194308951e-5,0.0008549593039099245,0.008591490881842332,0.8704579561642612,0.870835615398706,4.1805805246820777e18
LB,x,1.0,1.0,1.0,1.0,1.0,1.0,1.0,1.0,1.0,1.0,1.0e-6,1.0e-6,1.0e-6,1.0e-6,1.0e-6,x
UP,x,5000.0,5000.0,1000.0,1000.0,1.0e9,1000.0,10000.0,10000.0,1000.0,1.0e6,1.0,1.0,1.0,1.0,1.0,x
