Run/Bounds,F_min,τ_r0,τ_nr0,τ_d,τ_0,τ_1,τ_l,N_l,N_D,r,C,η_01,η_02,η_03,η_04,η_05,Seed
Run 1,-1.7954806823379862e9,81.60462592670552,90.44889088629076,15.59212513493505,4.943208076397779,1328.4948669449257,86.11587145561138,131.269199680928,129.23755708032138,6.33214371363775,1667.0237337208314,3.744955274665254e-5,0.00037472369082347447,0.0037516717060466728,0.4005821347686716,0.40071002688426616,4.3456090215283953e18
LB,x,1.0,1.0,1.0,1.0,1.0,1.0,1.0,1.0,1.0,1.0,1.0e-6,1.0e-6,1.0e-6,1.0e-6,1.0e-6,x
UP,x,5000.0,5000.0,1000.0,1000.0,1.0e9,1000.0,10000.0,10000.0,1000.0,1.0e6,1.0,1.0,1.0,1.0,1.0,x
