Run/Bounds,F_min,τ_r0,τ_nr0,τ_d,τ_0,τ_1,τ_l,N_l,N_D,r,C,η_01,η_02,η_03,η_04,η_05,Seed
Run 1,-2.9300827840314865e8,201.6169402638283,268.15737516307996,58.8330978339542,20.158905810880057,794.5355593803366,251.67197118765768,54.57643421933008,81.56836456041096,13.072693859660923,753.820628198594,5.324347806828231e-5,0.0005307356543812519,0.005294393961244862,0.052536860027141405,0.498891872663908,4.076588400789322e18
LB,x,1.0,1.0,1.0,1.0,1.0,1.0,1.0,1.0,1.0,1.0,1.0e-6,1.0e-6,1.0e-6,1.0e-6,1.0e-6,x
UP,x,5000.0,5000.0,1000.0,1000.0,1.0e9,1000.0,10000.0,10000.0,1000.0,1.0e6,1.0,1.0,1.0,1.0,1.0,x
