Run/Bounds,F_min,τ_r0,τ_nr0,τ_2t,τ_1t,τ_1e,τ_1d,α,β,r,C,η_01,η_02,η_03,η_04,η_05,Seed
Run 1,-4.464142453137634e8,94.50066296551269,365.09846017582805,24.935479381239023,10.298530649148619,645.4554426213634,156.71926222947417,155.1884279130526,252.21804207295637,927.4980356493087,250.5427294611232,3.6152228302341776e-5,0.000359009263235971,0.0035910615291123325,0.46307511022538383,0.4633145201790516,4.739332966901721e18
LB,x,1.0,1.0,1.0,1.0,1.0,1.0,1.0,1.0,1.0,1.0,1.0e-6,1.0e-6,1.0e-6,1.0e-6,1.0e-6,x
UP,x,5000.0,5000.0,1000.0,1000.0,1.0e9,1000.0,10000.0,10000.0,1000.0,1.0e6,1.0,1.0,1.0,1.0,1.0,x
