Run/Bounds,F_min,τ_r0,τ_nr0,τ_d,τ_0,τ_1,τ_l,N_l,N_D,r,C,η_01,η_02,η_03,η_04,η_05,Seed
Run 1,-2.930082728980528e8,208.9931654391788,260.34822211251895,59.75285588641999,20.034509846403196,800.3539215956083,251.30859306073575,50.80814170726096,78.14108384404723,11.708233592071878,708.9150464033493,5.660571517009375e-5,0.0005642481281662755,0.005627805285993523,0.05576501148515341,0.5229407533172663,1.4381889105277678e18
LB,x,1.0,1.0,1.0,1.0,1.0,1.0,1.0,1.0,1.0,1.0,1.0e-6,1.0e-6,1.0e-6,1.0e-6,1.0e-6,x
UP,x,5000.0,5000.0,1000.0,1000.0,1.0e9,1000.0,10000.0,10000.0,1000.0,1.0e6,1.0,1.0,1.0,1.0,1.0,x
