Run/Bounds,F_min,τ_r0,τ_nr0,τ_d,τ_0,τ_1,τ_l,N_l,N_D,r,C,η_01,η_02,η_03,η_04,η_05,Seed
Run 1,-1.79548068567316e9,98.0762811938129,76.32655387642644,15.4053424649358,4.957355755837595,1327.8323400153176,86.13226726559584,101.29647834792384,111.1456951351944,5.059931142197983,1286.6833490444858,4.855557090406005e-5,0.00048577610426425824,0.004854834463534186,0.4890078185127728,0.48915465524129476,4.396992156426933e18
LB,x,1.0,1.0,1.0,1.0,1.0,1.0,1.0,1.0,1.0,1.0,1.0e-6,1.0e-6,1.0e-6,1.0e-6,1.0e-6,x
UP,x,5000.0,5000.0,1000.0,1000.0,1.0e9,1000.0,10000.0,10000.0,1000.0,1.0e6,1.0,1.0,1.0,1.0,1.0,x
