Run/Bounds,F_min,τ_r0,τ_nr0,τ_2t,τ_1t,τ_1e,τ_1d,α,β,r,C,η_01,η_02,η_03,η_04,η_05,η_06,Seed
Run 1,-3.087836962924103e9,173.47111435299155,182.47433441698294,82.4905910092856,16.785625325765068,511.0358893402259,43.05575895212289,120.30604792532768,63.563194274421605,12.345537765550295,3854.8351440084043,9.069573079943828e-6,9.07584055744653e-5,0.0009078578980984303,0.009064737245591628,0.08947760525121025,0.841020167062361,6.642924053969336e18
LB,x,1.0,1.0,1.0,1.0,1.0,1.0,1.0,1.0,1.0,1.0,1.0e-6,1.0e-6,1.0e-6,1.0e-6,1.0e-6,1.0e-6,x
UP,x,5000.0,5000.0,1000.0,1000.0,1.0e9,1000.0,10000.0,10000.0,1000.0,1.0e6,1.0,1.0,1.0,1.0,1.0,1.0,x
