Run/Bounds,F_min,τ_r0,τ_nr0,τ_d,τ_0,τ_1,τ_l,N_l,N_D,r,C,η_01,η_02,η_03,η_04,η_05,η_06,Seed
Run 1,-3.0878369709138546e9,170.85166180148167,182.58297019845435,82.0469960287841,16.826410714747716,509.3823071086587,43.053128796326476,123.77538694428362,64.89793868100324,13.054418077712798,3945.8463321041722,8.859359795188618e-6,8.867299887602235e-5,0.0008869485192540967,0.00885637979658878,0.08753521533940824,0.8275821883461757,4.821864242355868e18
LB,x,1.0,1.0,1.0,1.0,1.0,1.0,1.0,1.0,1.0,1.0,1.0e-6,1.0e-6,1.0e-6,1.0e-6,1.0e-6,1.0e-6,x
UP,x,5000.0,5000.0,1000.0,1000.0,1.0e9,1000.0,10000.0,10000.0,1000.0,1.0e6,1.0,1.0,1.0,1.0,1.0,1.0,x
