Run/Bounds,F_min,τ_r0,τ_nr0,τ_d,τ_0,τ_1,τ_l,N_l,N_D,r,C,η_01,η_02,η_03,η_04,η_05,η_06,Seed
Run 1,-3.0878369978035884e9,159.89011666128786,192.18004328087875,81.1890605259436,16.89456113154454,505.8511117979861,43.03407962007762,140.35239260617834,72.06878394276605,15.764198961642402,4440.915757111392,7.875369463361967e-6,7.879183541520644e-5,0.0007882122864439622,0.00787512164452734,0.07831718400540165,0.7616549154338766,3.0934516601104645e18
LB,x,1.0,1.0,1.0,1.0,1.0,1.0,1.0,1.0,1.0,1.0,1.0e-6,1.0e-6,1.0e-6,1.0e-6,1.0e-6,1.0e-6,x
UP,x,5000.0,5000.0,1000.0,1000.0,1.0e9,1000.0,10000.0,10000.0,1000.0,1.0e6,1.0,1.0,1.0,1.0,1.0,1.0,x
