Run/Bounds,F_min,τ_r0,τ_nr0,τ_d,τ_0,τ_1,τ_l,N_l,N_D,r,C,η_01,η_02,η_03,η_04,η_05,Seed
Run 1,-2.9300829050616896e8,180.10727302029545,328.69534451521264,60.11657451920951,19.990078151295485,802.2522626633526,250.88259922709264,66.3771249492685,103.26487289643431,17.919177348632793,941.6818201672872,4.2607450886986216e-5,0.0004247625395878106,0.004242211290931344,0.042379854784695296,0.41939736154568324,9.178845809487153e18
LB,x,1.0,1.0,1.0,1.0,1.0,1.0,1.0,1.0,1.0,1.0,1.0e-6,1.0e-6,1.0e-6,1.0e-6,1.0e-6,x
UP,x,5000.0,5000.0,1000.0,1000.0,1.0e9,1000.0,10000.0,10000.0,1000.0,1.0e6,1.0,1.0,1.0,1.0,1.0,x
