Run/Bounds,F_min,τ_r0,τ_nr0,τ_2t,τ_1t,τ_1e,τ_1d,α,β,r,C,η_01,η_02,η_03,η_04,η_05,η_06,Seed
Run 1,-3.087832618394224e9,111.51886750904688,4999.999985978216,88.70682742557194,16.13989773770871,519.7997753212401,42.16649387968905,273.78075324334384,153.33081924723012,999.9999974707921,10341.656424208164,3.3566543920580206e-6,3.3595296388829914e-5,0.00033663110774139246,0.003418903208156066,0.03498931546624651,0.40443006377492285,1.1317761367742702e18
LB,x,1.0,1.0,1.0,1.0,1.0,1.0,1.0,1.0,1.0,1.0,1.0e-6,1.0e-6,1.0e-6,1.0e-6,1.0e-6,1.0e-6,x
UP,x,5000.0,5000.0,1000.0,1000.0,1.0e9,1000.0,10000.0,10000.0,1000.0,1.0e6,1.0,1.0,1.0,1.0,1.0,1.0,x
