Run/Bounds,F_min,τ_r0,τ_nr0,τ_2t,τ_1t,τ_1e,τ_1d,α,β,r,C,η_01,η_02,η_03,η_04,η_05,Seed
Run 1,-1.7954806852352762e9,102.85517514847147,73.67316798690658,15.358737113270145,4.9610937173750775,1328.424844495068,86.18642380351872,94.90603437822487,107.26479236895622,4.834821916706128,1206.4173613345858,5.179367051916219e-5,0.0005181648985484492,0.005176123277341508,0.5133892880807552,0.5135400601901857,4.334389470021486e18
LB,x,1.0,1.0,1.0,1.0,1.0,1.0,1.0,1.0,1.0,1.0,1.0e-6,1.0e-6,1.0e-6,1.0e-6,1.0e-6,x
UP,x,5000.0,5000.0,1000.0,1000.0,1.0e9,1000.0,10000.0,10000.0,1000.0,1.0e6,1.0,1.0,1.0,1.0,1.0,x
