Run/Bounds,F_min,τ_r0,τ_nr0,τ_d,τ_0,τ_1,τ_l,N_l,N_D,r,C,η_01,η_02,η_03,η_04,η_05,η_06,Seed
Run 1,-2.5881867074439738e7,24.936786319535145,10.012065927654335,2.008585062394455,2.998083436377255,29.293021897722486,50.19701283136266,20.05988342285858,206.3802253256457,1.1007071089864506,100.08059488835552,5.162579212572243e-6,8.237908619059408e-5,0.0029862824157312986,0.049810598204363475,0.3996207166931195,1.9987098823941283,3.6720695568896973e18
LB,x,1.0,1.0,1.0,1.0,1.0,1.0,1.0,1.0,1.0,1.0,1.0e-6,1.0e-6,1.0e-6,1.0e-6,1.0e-6,1.0e-6,x
UP,x,5000.0,5000.0,1000.0,1000.0,1.0e9,1000.0,10000.0,10000.0,1000.0,1.0e6,5.0,5.0,5.0,5.0,5.0,5.0,x
