Run/Bounds,F_min,τ_r0,τ_nr0,τ_2t,τ_1t,τ_1e,τ_1d,α,β,r,C,η_01,η_02,η_03,η_04,η_05,η_06,Seed
Run 1,-2.5881867074439734e7,24.936803125632725,10.012061426616931,2.0085840669234925,2.998083389991134,29.293025281271955,50.19700086053125,20.059974361344885,206.38193345978598,1.1007012651517263,100.08113078304709,5.162544361166313e-6,8.237870624561313e-5,0.0029862662720406504,0.04981033299388554,0.39961897445383066,1.9987033123277986,1.4728384044922353e18
LB,x,1.0,1.0,1.0,1.0,1.0,1.0,1.0,1.0,1.0,1.0,1.0e-6,1.0e-6,1.0e-6,1.0e-6,1.0e-6,1.0e-6,x
UP,x,5000.0,5000.0,1000.0,1000.0,1.0e9,1000.0,10000.0,10000.0,1000.0,1.0e6,5.0,5.0,5.0,5.0,5.0,5.0,x
