Run/Bounds,F_min,τ_r0,τ_nr0,τ_d,τ_0,τ_1,τ_l,N_l,N_D,r,C,η_01,η_02,η_03,η_04,η_05,Seed
Run 1,-1.7954806821265905e9,113.56362651714032,68.9446808805927,15.249767998489016,4.969471453544951,1328.1719705778694,86.22888729349278,83.13184011205955,99.21834882793165,4.464056895478296,1055.40643266763,5.9233893306468436e-5,0.000592552855153322,0.005911895145763205,0.5672973611026703,0.5674602275507009,7.601571053476296e18
LB,x,1.0,1.0,1.0,1.0,1.0,1.0,1.0,1.0,1.0,1.0,1.0e-6,1.0e-6,1.0e-6,1.0e-6,1.0e-6,x
UP,x,5000.0,5000.0,1000.0,1000.0,1.0e9,1000.0,10000.0,10000.0,1000.0,1.0e6,1.0,1.0,1.0,1.0,1.0,x
