Run/Bounds,F_min,τ_r0,τ_nr0,τ_d,τ_0,τ_1,τ_l,N_l,N_D,r,C,η_01,η_02,η_03,η_04,η_05,η_06,Seed
Run 1,-3.087836963590312e9,173.42973402914413,180.00743880975273,82.11235907401179,16.81828596604911,509.3080143946351,43.03688688511875,120.67679434861952,63.376455559505565,12.608524266884295,3844.3272976837343,9.096748510549633e-6,9.101662973720742e-5,0.0009104483211050768,0.00908753765960814,0.0896976392137389,0.842738193190434,4.84385972127846e18
LB,x,1.0,1.0,1.0,1.0,1.0,1.0,1.0,1.0,1.0,1.0,1.0e-6,1.0e-6,1.0e-6,1.0e-6,1.0e-6,1.0e-6,x
UP,x,5000.0,5000.0,1000.0,1000.0,1.0e9,1000.0,10000.0,10000.0,1000.0,1.0e6,1.0,1.0,1.0,1.0,1.0,1.0,x
