Run/Bounds,F_min,τ_r0,τ_nr0,τ_2t,τ_1t,τ_1e,τ_1d,α,β,r,C,η_01,η_02,η_03,η_04,η_05,Seed
Run 1,-2.930082853296577e8,191.75933693277966,291.1688736698572,59.39095485164957,20.087084651523973,798.3369834249194,251.38919125892983,59.29161070504034,90.11413639081627,14.841918506453375,828.4284708531743,4.843998142504649e-5,0.0004828844639134256,0.004819695173500502,0.04796977264715379,0.46378568407545956,2.608425789726376e18
LB,x,1.0,1.0,1.0,1.0,1.0,1.0,1.0,1.0,1.0,1.0,1.0e-6,1.0e-6,1.0e-6,1.0e-6,1.0e-6,x
UP,x,5000.0,5000.0,1000.0,1000.0,1.0e9,1000.0,10000.0,10000.0,1000.0,1.0e6,1.0,1.0,1.0,1.0,1.0,x
