Run/Bounds,F_min,τ_r0,τ_nr0,τ_d,τ_0,τ_1,τ_l,N_l,N_D,r,C,η_01,η_02,η_03,η_04,η_05,Seed
Run 1,-4.464145059231393e8,242.59264203433167,176.48312726376324,26.95778823587017,9.748972031602396,700.2619393428466,153.57941064967702,52.340406866855986,158.28029638771932,1.0000000022175615,104.9325949418654,8.589904906527541e-5,0.0008549892660023657,0.00859179208056256,0.8704793633605256,0.8708570212197883,8.664341091883576e17
LB,x,1.0,1.0,1.0,1.0,1.0,1.0,1.0,1.0,1.0,1.0,1.0e-6,1.0e-6,1.0e-6,1.0e-6,1.0e-6,x
UP,x,5000.0,5000.0,1000.0,1000.0,1.0e9,1000.0,10000.0,10000.0,1000.0,1.0e6,1.0,1.0,1.0,1.0,1.0,x
