Run/Bounds,F_min,τ_r0,τ_nr0,τ_d,τ_0,τ_1,τ_l,N_l,N_D,r,C,η_01,η_02,η_03,η_04,η_05,η_06,Seed
Run 1,-2.5881867074439745e7,24.936788242388353,10.012064690254718,2.008584681224956,2.998083741904644,29.293022164222204,50.19700726804045,20.05990554270045,206.38084147595714,1.10070581336092,100.08075436222188,5.1625593802202565e-6,8.237900361884676e-5,0.002986277441579872,0.04981051566893463,0.39962019084748446,1.9987079286106233,8.560813594706953e18
LB,x,1.0,1.0,1.0,1.0,1.0,1.0,1.0,1.0,1.0,1.0,1.0e-6,1.0e-6,1.0e-6,1.0e-6,1.0e-6,1.0e-6,x
UP,x,5000.0,5000.0,1000.0,1000.0,1.0e9,1000.0,10000.0,10000.0,1000.0,1.0e6,5.0,5.0,5.0,5.0,5.0,5.0,x
