Run/Bounds,F_min,τ_r0,τ_nr0,τ_2t,τ_1t,τ_1e,τ_1d,α,β,r,C,η_01,η_02,η_03,η_04,η_05,Seed
Run 1,-1.7954806856841242e9,96.7036763871692,77.16769617357008,15.430452045235656,4.955170161794045,1328.387511128199,86.15153157568534,103.23140641046709,112.19178127825434,5.1344182740017,1311.3570120223806,4.7638314054626984e-5,0.0004766139638685634,0.00476397019399688,0.4820230866727939,0.48216698545145814,2.422025690890242e18
LB,x,1.0,1.0,1.0,1.0,1.0,1.0,1.0,1.0,1.0,1.0,1.0e-6,1.0e-6,1.0e-6,1.0e-6,1.0e-6,x
UP,x,5000.0,5000.0,1000.0,1000.0,1.0e9,1000.0,10000.0,10000.0,1000.0,1.0e6,1.0,1.0,1.0,1.0,1.0,x
