Run/Bounds,F_min,τ_r0,τ_nr0,τ_d,τ_0,τ_1,τ_l,N_l,N_D,r,C,η_01,η_02,η_03,η_04,η_05,η_06,Seed
Run 1,-2.5881867074439738e7,24.936762831309633,10.01206902997149,2.008584554521554,2.9980838136400267,29.293022848487773,50.19701179205727,20.059910035115468,206.38080710575588,1.1007066227925617,100.08074532881372,5.162560965873571e-6,8.237890804635454e-5,0.0029862776099392756,0.049810517772170104,0.39962018741735683,1.9987080836080837,1.403655893897613e18
LB,x,1.0,1.0,1.0,1.0,1.0,1.0,1.0,1.0,1.0,1.0,1.0e-6,1.0e-6,1.0e-6,1.0e-6,1.0e-6,1.0e-6,x
UP,x,5000.0,5000.0,1000.0,1000.0,1.0e9,1000.0,10000.0,10000.0,1000.0,1.0e6,5.0,5.0,5.0,5.0,5.0,5.0,x
