Run/Bounds,F_min,τ_r0,τ_nr0,τ_d,τ_0,τ_1,τ_l,N_l,N_D,r,C,η_01,η_02,η_03,η_04,η_05,Seed
Run 1,-3.5712823807965255e8,236.27403851567487,112.5106179693744,7.322970161803102,168.2153588422142,9.99999951733524e8,999.9999999995671,38.95314080596676,254.66799660568995,999.9999999997892,11027.804361173265,9.659620603071703e-5,0.0009609980041453029,0.010913378184958725,0.09644649579032429,0.7666741714875382,6.033826495014561e18
LB,x,1.0,1.0,1.0,1.0,1.0,1.0,1.0,1.0,1.0,1.0,1.0e-6,1.0e-6,1.0e-6,1.0e-6,1.0e-6,x
UP,x,5000.0,5000.0,1000.0,1000.0,1.0e9,1000.0,10000.0,10000.0,1000.0,1.0e6,1.0,1.0,1.0,1.0,1.0,x
