Run/Bounds,F_min,τ_r0,τ_nr0,τ_2t,τ_1t,τ_1e,τ_1d,α,β,r,C,η_01,η_02,η_03,η_04,η_05,η_06,Seed
Run 1,-3.087836982271908e9,166.43555582958288,186.36480217947238,81.7894193848489,16.845040654719345,508.5804651021936,43.059973251519494,130.12341337675366,67.57492039819907,13.961973680525388,4134.294619386712,8.459152902695267e-6,8.464902613427954e-5,0.0008466912246007775,0.008454758803571603,0.08378199372472067,0.8010218971687271,1.8706487484283807e18
LB,x,1.0,1.0,1.0,1.0,1.0,1.0,1.0,1.0,1.0,1.0,1.0e-6,1.0e-6,1.0e-6,1.0e-6,1.0e-6,1.0e-6,x
UP,x,5000.0,5000.0,1000.0,1000.0,1.0e9,1000.0,10000.0,10000.0,1000.0,1.0e6,1.0,1.0,1.0,1.0,1.0,1.0,x
