Run/Bounds,F_min,τ_r0,τ_nr0,τ_2t,τ_1t,τ_1e,τ_1d,α,β,r,C,η_01,η_02,η_03,η_04,η_05,η_06,Seed
Run 1,-2.588186707443975e7,24.936746114315266,10.012073158366444,2.008583797245333,2.998084121588896,29.29302490029394,50.197012046497704,20.05982208023423,206.38002410168153,1.1007117911476008,100.0803057155162,5.162600299654634e-6,8.237938342647748e-5,0.0029862909134234475,0.04981072896910227,0.39962164014646995,1.9987133978335219,2.350238211127218e18
LB,x,1.0,1.0,1.0,1.0,1.0,1.0,1.0,1.0,1.0,1.0,1.0e-6,1.0e-6,1.0e-6,1.0e-6,1.0e-6,1.0e-6,x
UP,x,5000.0,5000.0,1000.0,1000.0,1.0e9,1000.0,10000.0,10000.0,1000.0,1.0e6,5.0,5.0,5.0,5.0,5.0,5.0,x
