Run/Bounds,F_min,τ_r0,τ_nr0,τ_d,τ_0,τ_1,τ_l,N_l,N_D,r,C,η_01,η_02,η_03,η_04,η_05,Seed
Run 1,-2.8720209400651926e8,147.11627882836538,453.0700061323976,122.17257444999026,7.353699065647216,276804.816322777,427.54589738219494,657.2817434363432,491.1794607324278,31.69371423505609,23468.87957951725,4.899948219235168e-5,0.0004766791428019293,0.005037940362931194,0.0394099834880964,0.34681137498260983,7.661234104811614e18
LB,x,1.0,1.0,1.0,1.0,1.0,1.0,1.0,1.0,1.0,1.0,1.0e-6,1.0e-6,1.0e-6,1.0e-6,1.0e-6,x
UP,x,5000.0,5000.0,1000.0,1000.0,1.0e9,1000.0,10000.0,10000.0,1000.0,1.0e6,0.5,0.5,0.5,0.5,0.5,x
