Run/Bounds,F_min,τ_r0,τ_nr0,τ_d,τ_0,τ_1,τ_l,N_l,N_D,r,C,η_01,η_02,η_03,η_04,η_05,η_06,Seed
Run 1,-3.0878369717417297e9,170.55896119666428,182.68719440765878,82.00725509216521,16.826409323600565,508.93321627918345,43.04184077073444,124.33183847658468,65.08129076972294,13.111603869521229,3958.648376105705,8.834940209026805e-6,8.840097760058084e-5,0.000884176695279854,0.008827417025567282,0.08726273243396779,0.8256980646820995,7.718758447069588e18
LB,x,1.0,1.0,1.0,1.0,1.0,1.0,1.0,1.0,1.0,1.0,1.0e-6,1.0e-6,1.0e-6,1.0e-6,1.0e-6,1.0e-6,x
UP,x,5000.0,5000.0,1000.0,1000.0,1.0e9,1000.0,10000.0,10000.0,1000.0,1.0e6,1.0,1.0,1.0,1.0,1.0,1.0,x
