Run/Bounds,F_min,τ_r0,τ_nr0,τ_d,τ_0,τ_1,τ_l,N_l,N_D,r,C,η_01,η_02,η_03,η_04,η_05,η_06,Seed
Run 1,-3.087836997548191e9,160.19801761144643,193.17898027551627,81.38018527668345,16.87732384391315,506.64394148171755,43.03444936897845,139.73287330455753,71.92917215445738,15.508125212443455,4431.307272218798,7.89106609371243e-6,7.895883334816825e-5,0.0007898418572005812,0.007892195114831864,0.07848342809718163,0.7627943596758564,6.90184698453031e18
LB,x,1.0,1.0,1.0,1.0,1.0,1.0,1.0,1.0,1.0,1.0,1.0e-6,1.0e-6,1.0e-6,1.0e-6,1.0e-6,1.0e-6,x
UP,x,5000.0,5000.0,1000.0,1000.0,1.0e9,1000.0,10000.0,10000.0,1000.0,1.0e6,1.0,1.0,1.0,1.0,1.0,1.0,x
