Run/Bounds,F_min,τ_r0,τ_nr0,τ_d,τ_0,τ_1,τ_l,N_l,N_D,r,C,η_01,η_02,η_03,η_04,η_05,Seed
Run 1,-4.464145059231395e8,242.5841860686258,176.48610261802182,26.957799389497303,9.748972217643383,700.2618243338479,153.5795038054696,52.3428292675651,158.28433088495296,1.0000000020003421,104.93655900946571,8.589589074849126e-5,0.0008549572238250087,0.008591468200867614,0.8704565834704685,0.8708341818241689,4.121172674427659e18
LB,x,1.0,1.0,1.0,1.0,1.0,1.0,1.0,1.0,1.0,1.0,1.0e-6,1.0e-6,1.0e-6,1.0e-6,1.0e-6,x
UP,x,5000.0,5000.0,1000.0,1000.0,1.0e9,1000.0,10000.0,10000.0,1000.0,1.0e6,1.0,1.0,1.0,1.0,1.0,x
