Run/Bounds,F_min,τ_r0,τ_nr0,τ_2t,τ_1t,τ_1e,τ_1d,α,β,r,C,η_01,η_02,η_03,η_04,η_05,Seed
Run 1,-2.9300827245604587e8,208.36312408162826,257.7774601187813,59.141619202717834,20.135030319494096,798.1890921157246,252.06304186268133,51.50436826412947,77.6497756161323,11.992307343206386,712.0888568490402,5.634189193871825e-5,0.0005615911715550755,0.005601052040401641,0.05549619602666107,0.5210889757623134,6.988138972992657e18
LB,x,1.0,1.0,1.0,1.0,1.0,1.0,1.0,1.0,1.0,1.0,1.0e-6,1.0e-6,1.0e-6,1.0e-6,1.0e-6,x
UP,x,5000.0,5000.0,1000.0,1000.0,1.0e9,1000.0,10000.0,10000.0,1000.0,1.0e6,1.0,1.0,1.0,1.0,1.0,x
