Run/Bounds,F_min,τ_r0,τ_nr0,τ_2t,τ_1t,τ_1e,τ_1d,α,β,r,C,η_01,η_02,η_03,η_04,η_05,Seed
Run 1,-1.7953888478323417e9,164.7728480009946,21.903906967220415,4.721769905680364,69.09886828012333,4.825532442559297e8,1.8849028324420731,60.48261068508059,32.852736971757565,103.94399631338202,474.288541503995,0.00012761835654422228,0.0012703145504865468,0.012035752291647016,0.9930530934759646,0.9933434101693843,2.5212814818673556e18
LB,x,1.0,1.0,1.0,1.0,1.0,1.0,1.0,1.0,1.0,1.0,1.0e-6,1.0e-6,1.0e-6,1.0e-6,1.0e-6,x
UP,x,5000.0,5000.0,1000.0,1000.0,1.0e9,1000.0,10000.0,10000.0,1000.0,1.0e6,1.0,1.0,1.0,1.0,1.0,x
