Run/Bounds,F_min,τ_r0,τ_nr0,τ_d,τ_0,τ_1,τ_l,N_l,N_D,r,C,η_01,η_02,η_03,η_04,η_05,Seed
Run 1,-3.571282380796549e8,236.27392667508508,112.51096400983435,7.32297197039598,168.2152617844667,9.9999996105007e8,999.999999999068,38.953274188151696,254.66867533717115,999.9999999998802,11027.828444800847,9.659592840836236e-5,0.0009609954842425344,0.010913352871221872,0.09644628470656313,0.7666728138531228,7.413627027364541e18
LB,x,1.0,1.0,1.0,1.0,1.0,1.0,1.0,1.0,1.0,1.0,1.0e-6,1.0e-6,1.0e-6,1.0e-6,1.0e-6,x
UP,x,5000.0,5000.0,1000.0,1000.0,1.0e9,1000.0,10000.0,10000.0,1000.0,1.0e6,1.0,1.0,1.0,1.0,1.0,x
