Run/Bounds,F_min,τ_r0,τ_nr0,τ_d,τ_0,τ_1,τ_l,N_l,N_D,r,C,η_01,η_02,η_03,η_04,η_05,Seed
Run 1,-3.5712823807965505e8,236.273778486948,112.51121852495034,7.322971024056573,168.21507403822196,9.999999938382062e8,999.9999999997673,38.953386431075145,254.66931649883009,999.9999999999493,11027.853515542225,9.659568834505475e-5,0.0009609936281173677,0.010913331172600044,0.09644608791014828,0.7666714851531654,4.777316892417414e18
LB,x,1.0,1.0,1.0,1.0,1.0,1.0,1.0,1.0,1.0,1.0,1.0e-6,1.0e-6,1.0e-6,1.0e-6,1.0e-6,x
UP,x,5000.0,5000.0,1000.0,1000.0,1.0e9,1000.0,10000.0,10000.0,1000.0,1.0e6,1.0,1.0,1.0,1.0,1.0,x
