Run/Bounds,F_min,τ_r0,τ_nr0,τ_d,τ_0,τ_1,τ_l,N_l,N_D,r,C,η_01,η_02,η_03,η_04,η_05,η_06,Seed
Run 1,-2.5881867074439738e7,24.9369094170779,10.012050235929479,2.0085848022021966,2.998082878926888,29.293025915580042,50.19699154551728,20.059880102381697,206.3802210345115,1.100701781895564,100.08059558887793,5.162578316843719e-6,8.237909366275349e-5,0.002986282685062631,0.049810598822773416,0.39962071178057906,1.9987096858510018,2.276771957774984e18
LB,x,1.0,1.0,1.0,1.0,1.0,1.0,1.0,1.0,1.0,1.0,1.0e-6,1.0e-6,1.0e-6,1.0e-6,1.0e-6,1.0e-6,x
UP,x,5000.0,5000.0,1000.0,1000.0,1.0e9,1000.0,10000.0,10000.0,1000.0,1.0e6,5.0,5.0,5.0,5.0,5.0,5.0,x
