Run/Bounds,F_min,τ_r0,τ_nr0,τ_d,τ_0,τ_1,τ_l,N_l,N_D,r,C,η_01,η_02,η_03,η_04,η_05,Seed
Run 1,-4.4641424531376356e8,94.50069725851199,365.1159858022769,24.93548576416307,10.298510485543225,645.4585816644764,156.71922744462097,155.18711664155245,252.2250636949698,927.5114416356065,250.54241694735603,3.615228909415362e-5,0.00035901008338661927,0.003591066306859998,0.4630754905387941,0.46331490501272765,4.799121477872633e18
LB,x,1.0,1.0,1.0,1.0,1.0,1.0,1.0,1.0,1.0,1.0,1.0e-6,1.0e-6,1.0e-6,1.0e-6,1.0e-6,x
UP,x,5000.0,5000.0,1000.0,1000.0,1.0e9,1000.0,10000.0,10000.0,1000.0,1.0e6,1.0,1.0,1.0,1.0,1.0,x
