Run/Bounds,F_min,τ_r0,τ_nr0,τ_d,τ_0,τ_1,τ_l,N_l,N_D,r,C,η_01,η_02,η_03,η_04,η_05,Seed
Run 1,-1.7954806798380892e9,76.75591000240726,97.15767884548156,15.648950547697009,4.9380493203275675,1327.8788375990825,86.09848416133859,144.06737818213225,137.0526228397321,6.986932411603685,1827.9754202188303,3.414842312077799e-5,0.00034171934908758413,0.003422494198134607,0.3725384037918213,0.3726518830895438,7.382313008044611e18
LB,x,1.0,1.0,1.0,1.0,1.0,1.0,1.0,1.0,1.0,1.0,1.0e-6,1.0e-6,1.0e-6,1.0e-6,1.0e-6,x
UP,x,5000.0,5000.0,1000.0,1000.0,1.0e9,1000.0,10000.0,10000.0,1000.0,1.0e6,1.0,1.0,1.0,1.0,1.0,x
