Run/Bounds,F_min,τ_r0,τ_nr0,τ_2t,τ_1t,τ_1e,τ_1d,α,β,r,C,η_01,η_02,η_03,η_04,η_05,Seed
Run 1,-4.4641424531376356e8,94.50074699667806,365.1629887077223,24.9358085905017,10.2984212442685,645.4640873131094,156.7190354392775,155.18490525948988,252.22848550850733,927.524801681661,250.54185911426765,3.615235066888523e-5,0.00035901069059109087,0.003591076960876883,0.4630763430959381,0.4633157408672187,7.82721982159377e18
LB,x,1.0,1.0,1.0,1.0,1.0,1.0,1.0,1.0,1.0,1.0,1.0e-6,1.0e-6,1.0e-6,1.0e-6,1.0e-6,x
UP,x,5000.0,5000.0,1000.0,1000.0,1.0e9,1000.0,10000.0,10000.0,1000.0,1.0e6,1.0,1.0,1.0,1.0,1.0,x
