Run/Bounds,F_min,τ_r0,τ_nr0,τ_2t,τ_1t,τ_1e,τ_1d,α,β,r,C,η_01,η_02,η_03,η_04,η_05,Seed
Run 1,-4.464142453137634e8,94.50064870029385,365.0915716422275,24.935525971368303,10.298534415599946,645.45609877901,156.71929588465864,155.18879144993994,252.21572930713282,927.5040219708677,250.5428859926282,3.6152199774378344e-5,0.00035900900998004167,0.0035910587304580936,0.4630749220012395,0.4633142991306722,4.165145611006056e17
LB,x,1.0,1.0,1.0,1.0,1.0,1.0,1.0,1.0,1.0,1.0,1.0e-6,1.0e-6,1.0e-6,1.0e-6,1.0e-6,x
UP,x,5000.0,5000.0,1000.0,1000.0,1.0e9,1000.0,10000.0,10000.0,1000.0,1.0e6,1.0,1.0,1.0,1.0,1.0,x
