Run/Bounds,F_min,τ_r0,τ_nr0,τ_d,τ_0,τ_1,τ_l,N_l,N_D,r,C,η_01,η_02,η_03,η_04,η_05,Seed
Run 1,-3.5714675919912016e8,261.6759200430528,400.1228438503372,192.86027982282639,6.967144316037431,179499.7093149948,999.9999999998729,259.8119082027229,55.618877392998535,21.820475379569324,10510.592330569287,0.00010120816520052631,0.0010009917047976696,0.011219660733189715,0.09920936842020842,0.7704002123252728,8.761052112256539e18
LB,x,1.0,1.0,1.0,1.0,1.0,1.0,1.0,1.0,1.0,1.0,1.0e-6,1.0e-6,1.0e-6,1.0e-6,1.0e-6,x
UP,x,5000.0,5000.0,1000.0,1000.0,1.0e9,1000.0,10000.0,10000.0,1000.0,1.0e6,1.0,1.0,1.0,1.0,1.0,x
