Run/Bounds,F_min,τ_r0,τ_nr0,τ_d,τ_0,τ_1,τ_l,N_l,N_D,r,C,η_01,η_02,η_03,η_04,η_05,Seed
Run 1,-4.4641450592313904e8,242.57803432167987,176.48826144254778,26.957791718764774,9.748971187379784,700.2606176726495,153.5796261974503,52.34457340323262,158.28693967916453,1.0000000081067073,104.939468652196,8.5893460788966e-5,0.0008549336664391696,0.008591233499575473,0.8704398871816172,0.870817485372157,9.043430826965838e18
LB,x,1.0,1.0,1.0,1.0,1.0,1.0,1.0,1.0,1.0,1.0,1.0e-6,1.0e-6,1.0e-6,1.0e-6,1.0e-6,x
UP,x,5000.0,5000.0,1000.0,1000.0,1.0e9,1000.0,10000.0,10000.0,1000.0,1.0e6,1.0,1.0,1.0,1.0,1.0,x
