Run/Bounds,F_min,τ_r0,τ_nr0,τ_d,τ_0,τ_1,τ_l,N_l,N_D,r,C,η_01,η_02,η_03,η_04,η_05,Seed
Run 1,-2.930082914741937e8,175.28282066926965,354.9848474006313,61.132921939291535,19.86020159624174,807.9613299730872,250.3443985296073,69.27065003839256,111.24079834406713,19.390587964567263,998.8348869942516,4.015858940737361e-5,0.0004003751318762571,0.004000538611819454,0.040044113722114534,0.4002760177628321,1.6214775342507556e18
LB,x,1.0,1.0,1.0,1.0,1.0,1.0,1.0,1.0,1.0,1.0,1.0e-6,1.0e-6,1.0e-6,1.0e-6,1.0e-6,x
UP,x,5000.0,5000.0,1000.0,1000.0,1.0e9,1000.0,10000.0,10000.0,1000.0,1.0e6,1.0,1.0,1.0,1.0,1.0,x
