Run/Bounds,F_min,τ_r0,τ_nr0,τ_d,τ_0,τ_1,τ_l,N_l,N_D,r,C,η_01,η_02,η_03,η_04,η_05,Seed
Run 1,-2.9300828912641144e8,184.64742808117853,313.89063223430975,60.069574088135774,19.99601423295109,802.089198117646,250.95435871714255,63.1293644425531,98.0499260779566,16.483757009417214,893.2155078195494,4.492150147663211e-5,0.0004478234081763489,0.004472059481219278,0.044611626418815054,0.4372786589791867,4.443731914193921e18
LB,x,1.0,1.0,1.0,1.0,1.0,1.0,1.0,1.0,1.0,1.0,1.0e-6,1.0e-6,1.0e-6,1.0e-6,1.0e-6,x
UP,x,5000.0,5000.0,1000.0,1000.0,1.0e9,1000.0,10000.0,10000.0,1000.0,1.0e6,1.0,1.0,1.0,1.0,1.0,x
