Run/Bounds,F_min,τ_r0,τ_nr0,τ_d,τ_0,τ_1,τ_l,N_l,N_D,r,C,η_01,η_02,η_03,η_04,η_05,Seed
Run 1,-4.464145059231395e8,242.58554596230962,176.48568666347353,26.95781394677122,9.748966389340476,700.2621785891532,153.57949822954774,52.34235630805999,158.2839686022093,1.0000000017244106,104.93585622857498,8.589635762389054e-5,0.0008549629227302666,0.008591528103010584,0.8704606504095439,0.870838304488773,8.748806642954739e17
LB,x,1.0,1.0,1.0,1.0,1.0,1.0,1.0,1.0,1.0,1.0,1.0e-6,1.0e-6,1.0e-6,1.0e-6,1.0e-6,x
UP,x,5000.0,5000.0,1000.0,1000.0,1.0e9,1000.0,10000.0,10000.0,1000.0,1.0e6,1.0,1.0,1.0,1.0,1.0,x
