Run/Bounds,F_min,τ_r0,τ_nr0,τ_d,τ_0,τ_1,τ_l,N_l,N_D,r,C,η_01,η_02,η_03,η_04,η_05,η_06,Seed
Run 1,-3.0878326184042125e9,111.51580378814386,4999.999987378244,88.70834167092589,16.139442278482324,519.7536982539691,42.16535308172697,273.83612104776506,153.33920182041544,999.9999997889234,10342.70037634603,3.356374638140357e-6,3.3593640348906206e-5,0.0003366024860954407,0.00341854504934945,0.03498562180468165,0.404397221243361,2.840701202491965e18
LB,x,1.0,1.0,1.0,1.0,1.0,1.0,1.0,1.0,1.0,1.0,1.0e-6,1.0e-6,1.0e-6,1.0e-6,1.0e-6,1.0e-6,x
UP,x,5000.0,5000.0,1000.0,1000.0,1.0e9,1000.0,10000.0,10000.0,1000.0,1.0e6,1.0,1.0,1.0,1.0,1.0,1.0,x
