Run/Bounds,F_min,τ_r0,τ_nr0,τ_2t,τ_1t,τ_1e,τ_1d,α,β,r,C,η_01,η_02,η_03,η_04,η_05,Seed
Run 1,-1.7954806850557454e9,103.84444580123044,73.14814882891139,15.352853864688251,4.961294091999087,1328.2321585757238,86.18778989307015,93.6486243451114,106.5544242567652,4.798712650315606,1189.8001077919284,5.252062710926987e-5,0.0005254313415645281,0.005247663563685565,0.5187609400952075,0.5189203851242594,1.7784869254971144e18
LB,x,1.0,1.0,1.0,1.0,1.0,1.0,1.0,1.0,1.0,1.0,1.0e-6,1.0e-6,1.0e-6,1.0e-6,1.0e-6,x
UP,x,5000.0,5000.0,1000.0,1000.0,1.0e9,1000.0,10000.0,10000.0,1000.0,1.0e6,1.0,1.0,1.0,1.0,1.0,x
