Run/Bounds,F_min,τ_r0,τ_nr0,τ_2t,τ_1t,τ_1e,τ_1d,α,β,r,C,η_01,η_02,η_03,η_04,η_05,η_06,Seed
Run 1,-2.5881867074439738e7,24.936756103409817,10.012073449352535,2.008584426805967,2.998083997889464,29.293023700609798,50.19700679835522,20.059785076415476,206.37945072097935,1.1007129571290595,100.08011635327293,5.162590256697833e-6,8.237949786297672e-5,0.002986296346759674,0.04981082341218003,0.3996222535927479,1.9987157415264687,3.015732901590618e18
LB,x,1.0,1.0,1.0,1.0,1.0,1.0,1.0,1.0,1.0,1.0,1.0e-6,1.0e-6,1.0e-6,1.0e-6,1.0e-6,1.0e-6,x
UP,x,5000.0,5000.0,1000.0,1000.0,1.0e9,1000.0,10000.0,10000.0,1000.0,1.0e6,5.0,5.0,5.0,5.0,5.0,5.0,x
