Run/Bounds,F_min,τ_r0,τ_nr0,τ_2t,τ_1t,τ_1e,τ_1d,α,β,r,C,η_01,η_02,η_03,η_04,η_05,Seed
Run 1,-2.930082795449426e8,201.26201059079773,275.4874957711481,59.93723794354767,20.005752541891166,801.6973131748362,251.1688867556993,54.09286678053308,83.49579619396826,12.696157877743106,759.1067046361858,5.2860218069370143e-5,0.0005269290023408627,0.005257929740930188,0.052227502838924494,0.4962859047009559,3.641755943081056e17
LB,x,1.0,1.0,1.0,1.0,1.0,1.0,1.0,1.0,1.0,1.0,1.0e-6,1.0e-6,1.0e-6,1.0e-6,1.0e-6,x
UP,x,5000.0,5000.0,1000.0,1000.0,1.0e9,1000.0,10000.0,10000.0,1000.0,1.0e6,1.0,1.0,1.0,1.0,1.0,x
